"","StationCode","SampleDate","SampleMonth","SampleDay","SampleYear","CollectionMethodCode","FieldReplicate","DatabaseCode","Count","Number_of_MMI_Iterations","Number_of_OE_Iterations","Pcnt_Ambiguous_Individuals","Pcnt_Ambiguous_Taxa","E","Mean_O","OoverE","OoverE_Percentile","MMI","MMI_Percentile","CSCI","CSCI_Percentile","ScoreDate","ScoreNotes","Cleaned","rand"
"1","801M12669",2017-06-29,6,29,2017,"BMI_RWB",1,NA,592,20,20,0,0,7.0385646825127,0.95,0.134970699688286,0,0.19244024879687,0,0.163705474242578,0,2018-11-29,NA,"Yes",2
"2","408M03036",2016-06-20,6,20,2016,"BMI_RWB_MCM",1,NA,598,20,20,0,0,6.77308379346965,2,0.295286469352162,0,0.199676872323898,0,0.24748167083803,0,2018-01-10,"Distinct set to NA","Yes",2
"3","SMCR8_171",2008-06-04,6,4,2008,"BMI_RWB",1,"SMC",581,20,20,0,0,8.9491865614681,3,0.335225998407151,0,0.190770422427235,0,0.262998210417193,0,2016-08-05,"Distinct set to NA","Yes",2
"4","SMCR8_171",2008-06-04,6,4,2008,"BMI_RWB",2,"SMC",597,20,20,0,0,8.9491865614681,3,0.335225998407151,0,0.19971591902708,0,0.267470958717115,0,2016-08-05,"Distinct set to NA","Yes",2
"5","SMC16832",2010-06-18,6,18,2010,"BMI_RWB_MCM",2,"SMC",575,20,20,13.7391304347826,21.4285714285714,7.80077721679121,2.75,0.352528975456524,0,0.2672038066278,0,0.309866391042162,0,2016-08-05,"Distinct set to NA","Yes",2
"6","412CE0732",2007-07-25,7,25,2007,"BMI_RWB",1,"SWAMP",587,20,20,2.21465076660988,6.66666666666667,7.67714884759371,2.85,0.371231567418846,0,0.262879862673916,0,0.317055715046381,0,2016-08-05,"Distinct set to NA","Yes",2
"7","LALT500",2012-06-22,6,22,2012,"BMI_RWB",1,"SMC",529,20,20,5.2930056710775,8.33333333333333,7.73827208115949,3,0.387683447743347,0,0.27330416774424,0,0.330493807743794,0,2016-08-05,"Distinct set to NA","Yes",2
"8","412PS0020",2008-05-14,5,14,2008,"BMI_RWB",1,"SWAMP",599,20,20,0,0,8.89805350941105,3,0.337152389208161,0,0.335389160072797,0,0.336270774640479,0,2016-08-05,"Distinct set to NA","Yes",2
"9","SMC01881",2013-07-09,7,9,2013,"BMI_RWB_MCM",2,"SMC",589,20,20,12.5636672325976,5.88235294117647,7.10369952470643,2.85,0.40119940181701,0,0.285645463432564,0,0.343422432624787,0,2016-08-05,"Distinct set to NA","Yes",2
"10","SMCR8_048",2008-05-11,5,11,2008,"BMI_RWB",1,"SMC",534,20,20,0.374531835205993,22.2222222222222,8.85045831916075,3,0.338965496680004,0,0.352793489339993,0,0.345879493009999,0,2016-08-05,"Distinct set to NA","Yes",2
"11","SMC01881",2013-07-09,7,9,2013,"BMI_RWB_MCM",1,"SMC",540,20,20,17.5925925925926,5.88235294117647,7.10369952470643,2.9,0.4082379878138,0,0.287114338450339,0,0.34767616313207,0,2016-08-05,"Distinct set to NA","Yes",2
"12","412PS0052",2008-05-20,5,20,2008,"BMI_RWB",1,"SWAMP",589,20,20,0.169779286926995,9.09090909090909,8.28006647246143,3,0.362315931880216,0,0.337682224844386,0,0.349999078362301,0,2016-08-05,"Distinct set to NA","Yes",2
"13","SMC00318",2010-06-15,6,15,2010,"BMI_RWB_MCM",1,"SMC",574,20,20,0,0,7.79716717578731,4,0.513006827969686,0.01,0.189973090131048,0,0.351489959050367,0,2016-08-05,"Distinct set to NA","Yes",2
"14","403M01528",2016-06-15,6,15,2016,"BMI_RWB_MCM",1,NA,598,20,20,0.167224080267559,5,10.0644534306907,4,0.397438373335042,0,0.314606634166846,0,0.356022503750944,0,2018-01-10,"Distinct set to NA","Yes",2
"15","SMC01452",2010-07-15,7,15,2010,"BMI_RWB",1,"SMC",554,20,20,0.180505415162455,7.14285714285714,8.87883593448143,3.9,0.439246769371438,0,0.295573682306777,0,0.367410225839108,0,2016-08-05,"Distinct set to NA","Yes",2
"16","SMC32897",2014-05-15,5,15,2014,"BMI_RWB",1,"SMC",589,20,20,0.67911714770798,10,7.71785790217033,3,0.388708892807727,0,0.351525770333847,0,0.370117331570787,0,2016-08-05,"Distinct set to NA","Yes",2
"17","SGLT508",2016-08-18,8,18,2016,"BMI_RWB",1,NA,598,20,20,1.67224080267559,7.69230769230769,7.75002294989744,4,0.516127503861513,0.01,0.245142598089861,0,0.380635050975687,0,2018-01-10,"Distinct set to NA","Yes",2
"18","901M14124",2015-06-23,6,23,2015,"BMI_RWB_MCM",1,"SMC",577,20,20,0.173310225303293,5.55555555555556,7.59543047996875,3,0.394974321457069,0,0.366546605454955,0,0.380760463456012,0,2016-08-05,"Distinct set to NA","Yes",2
"19","801M12625",2015-07-01,7,1,2015,"BMI_RWB_MCM",1,"SMC",594,20,20,1.17845117845118,5.88235294117647,7.67827485200833,4,0.520950353705268,0.01,0.247414805515891,0,0.384182579610579,0,2016-08-05,"Distinct set to NA","Yes",2
"20","SMC04932",2010-07-12,7,12,2010,"BMI_RWB_MCM",1,"SMC",580,20,20,1.20689655172414,13.0434782608696,7.71213958365178,3,0.3889971087089,0,0.383085836822671,0,0.386041472765786,0,2016-08-05,"Distinct set to NA","Yes",2
"21","906M23318",2015-04-23,4,23,2015,"BMI_RWB",1,"SMC",594,20,20,1.85185185185185,26.0869565217391,7.06388777147542,2.95,0.417617053871149,0,0.359721226746175,0,0.388669140308662,0,2016-08-05,"Distinct set to NA","Yes",2
"22","SMC09118",2013-05-22,5,22,2013,"BMI_RWB_MCM",1,"SMC",594,20,20,0.168350168350168,5,7.84418666959884,3,0.382448828203807,0,0.405650491396807,0,0.394049659800307,0,2016-08-05,"Distinct set to NA","Yes",2
"23","SMC01982",2013-06-25,6,25,2013,"BMI_RWB_MCM",1,"SMC",599,20,20,0,0,9.00863874506882,4.8,0.532821898605651,0.01,0.281232996339354,0,0.407027447472503,0,2016-08-05,"Distinct set to NA","Yes",2
"24","SMC09091",2013-06-27,6,27,2013,"BMI_RWB_MCM",1,"SMC",586,20,20,0,0,8.25870478043172,4.5,0.54487962938963,0.01,0.273044279192495,0,0.408961954291063,0,2016-08-05,"Distinct set to NA","Yes",2
"25","SMC08845",2014-05-30,5,30,2014,"BMI_RWB",1,"SMC",588,20,20,2.2108843537415,15.7894736842105,7.78556681177924,2,0.256885599770858,0,0.572147978364769,0.01,0.414516789067814,0,2016-08-05,"Distinct set to NA","Yes",2
"26","ME-CC",2010-07-12,7,12,2010,"BMI_RWB_MCM",1,"SMC",506,20,20,3.75494071146245,13.7931034482759,7.5935628555072,3,0.395071464750471,0,0.435281658683217,0,0.415176561716844,0,2016-08-05,"Distinct set to NA","Yes",2
"27","SMC01972",2010-06-07,6,7,2010,"BMI_RWB_MCM",1,"SMC",582,20,20,0.343642611683849,8.33333333333333,8.84736979025225,3.5,0.395597797195748,0,0.441404990724798,0,0.418501393960273,0,2016-08-05,"Distinct set to NA","Yes",2
"28","SMC01716",2010-06-08,6,8,2010,"BMI_RWB",1,"SMC",535,20,20,0.934579439252336,9.09090909090909,10.4515332951801,4.1,0.392286938595964,0,0.476169287222791,0,0.434228112909378,0,2016-08-05,"Distinct set to NA","Yes",2
"29","SMC01278",2016-06-23,6,23,2016,"BMI_RWB_MCM",1,NA,598,20,20,0,0,7.81425084447197,3,0.383913961774376,0,0.495879508328083,0,0.43989673505123,0,2018-01-10,"Distinct set to NA","Yes",2
"30","412PS0020",2008-05-22,5,22,2008,"BMI_RWB",1,"SWAMP",596,20,20,0,0,8.89805350941105,3.65,0.410202073536596,0,0.477861117303106,0,0.444031595419851,0,2016-08-05,"Distinct set to NA","Yes",2
"31","SMC02718",2014-06-30,6,30,2014,"BMI_RWB",1,"SMC",587,20,20,0,0,11.1824790594344,5.6,0.500783410390149,0,0.390156067037552,0,0.44546973871385,0,2016-09-02,"Distinct set to NA","Yes",2
"32","SMC05694",2014-06-26,6,26,2014,"BMI_RWB",1,"SMC",596,20,20,0.671140939597315,5.88235294117647,7.79987621996146,3.5,0.448725069641848,0,0.445211562713961,0,0.446968316177904,0,2016-08-05,"Distinct set to NA","Yes",2
"33","SMC02996",2014-06-11,6,11,2014,"BMI_RWB",1,"SMC",579,20,20,0.863557858376511,5,7.73723711136412,4.25,0.549291683688714,0.01,0.381126456125926,0,0.46520906990732,0,2016-09-07,"Distinct set to NA","Yes",2
"34","SMC00324",2015-06-17,6,17,2015,"BMI_RWB_MCM",1,"SMC",598,20,20,3.67892976588629,16,7.84023618032937,4.95,0.631358531318128,0.03,0.311458948159454,0,0.471408739738791,0,2016-08-05,"Distinct set to NA","Yes",2
"35","SMC00926",2010-06-28,6,28,2010,"BMI_RWB",1,"SMC",562,20,20,5.33807829181495,26.0869565217391,11.2077867043741,6.25,0.557648014265012,0.01,0.385573991363005,0,0.471611002814008,0,2016-08-05,"Distinct set to NA","Yes",2
"36","SMC00324",2016-06-15,6,15,2016,"BMI_RWB_MCM",1,NA,595,20,20,17.4789915966387,7.69230769230769,7.84023618032937,4,0.510188712176265,0.01,0.44547255764308,0,0.477830634909672,0,2018-01-10,"Distinct set to NA","Yes",2
"37","SMC01960",2010-06-23,6,23,2010,"BMI_RWB_MCM",1,"SMC",576,20,20,2.60416666666667,16,7.79529304106141,3.5,0.448988893882999,0,0.520543958774168,0,0.484766426328583,0,2016-08-05,"Distinct set to NA","Yes",2
"38","801M12652",2017-05-18,5,18,2017,"BMI_RWB",1,NA,594,20,20,0,0,7.6976980721174,4,0.519635865491893,0.01,0.455101539127482,0,0.487368702309687,0,2018-11-29,NA,"Yes",2
"39","SMC00531",2009-05-18,5,18,2009,"BMI_RWB",1,"SMC",594,20,20,0.168350168350168,5.55555555555556,7.70077121456073,5,0.649285618373641,0.03,0.326196970399109,0,0.487741294386375,0,2016-08-05,"Distinct set to NA","Yes",2
"40","LALT502",2017-06-20,6,20,2017,"BMI_RWB",1,NA,596,20,20,6.04026845637584,15.3846153846154,7.77942652914209,4,0.514176717913051,0.01,0.478416781119307,0,0.496296749516179,0,2018-11-29,NA,"Yes",2
"41","SGUT502",2016-06-09,6,9,2016,"BMI_RWB",1,NA,599,20,20,0,0,8.78026274783353,3.4,0.387232147561749,0,0.6054459562607,0.01,0.496339051911224,0,2018-01-10,"Distinct set to NA","Yes",2
"42","SMC00324",2017-05-25,5,25,2017,"BMI_RWB",1,NA,593,20,20,4.5531197301855,9.52380952380952,7.85214800487005,4.95,0.630400751097651,0.03,0.362484577258422,0,0.496442664178036,0,2018-11-29,NA,"Yes",2
"43","REF-FC",2017-04-10,4,10,2017,"BMI_RWB",1,NA,586,20,20,0,0,11.9159817486339,4,0.33568362929547,0,0.66533692092295,0.03,0.50051027510921,0,2018-11-29,NA,"Yes",2
"44","SMC02563",2014-05-22,5,22,2014,"BMI_RWB",1,"SMC",598,20,20,0,0,6.9715725214437,4,0.573758644509039,0.01,0.435973834717846,0,0.504866239613443,0,2016-08-05,"Distinct set to NA","Yes",2
"45","907M23325",2015-04-28,4,28,2015,"BMI_RWB",1,"SMC",572,20,20,0.174825174825175,4.54545454545455,7.59485051308557,4.75,0.625423764670019,0.02,0.392568506669827,0,0.508996135669923,0,2016-08-05,"Distinct set to NA","Yes",2
"46","SMC19552",2013-07-15,7,15,2013,"BMI_RWB_MCM",1,"SMC",559,20,20,3.22003577817531,8.33333333333333,7.05012492945427,4,0.567365832524279,0.01,0.451106271731195,0,0.509236052127737,0,2016-08-05,"Distinct set to NA","Yes",2
"47","907M23348",2016-06-17,6,17,2016,"BMI_RWB",1,NA,594,20,20,0.673400673400673,5.88235294117647,7.66006717573798,3,0.391641474046339,0,0.628918776852313,0.02,0.510280125449326,0,2018-01-10,"Distinct set to NA","Yes",2
"48","412PS0052",2017-04-25,4,25,2017,"BMI_RWB",1,NA,593,20,20,0.337268128161889,10.5263157894737,8.28444717009748,4.85,0.585434356743315,0.01,0.442390047907319,0,0.513912202325317,0,2018-11-29,NA,"Yes",2
"49","SMC13187",2013-06-04,6,4,2013,"BMI_RWB_MCM",1,"SMC",590,20,20,0.677966101694915,14.2857142857143,8.20363666016918,5.1,0.621675509443494,0.02,0.425230498271514,0,0.523453003857504,0,2016-08-05,"Distinct set to NA","Yes",2
"50","LC-133",2016-04-20,4,20,2016,"BMI_RWB_MCM",1,NA,561,20,20,0.17825311942959,4,7.06585257650061,5.5,0.778391558619794,0.12,0.270079990809363,0,0.524235774714579,0,2018-01-10,"Distinct set to NA.  Changed taxa: Axonopsinae - Axonopsidae; Aeshna/Rhionaeshna - Aeshna/ Rhionaeshna; Ylodes - Leptoceridae; Eukiefferiella tirolensis - Eukiefferiella; Eogammarus - Anisogammaridae; Truncatelloidea - Gastropoda","Yes",2
"51","SD-AP",2016-05-11,5,11,2016,"BMI_RWB_MCM",1,NA,595,20,20,0,0,8.29164105541357,5.55,0.669348801149133,0.04,0.379528286444906,0,0.524438543797019,0,2018-01-10,"Distinct set to NA","Yes",2
"52","SMC03523",2013-06-11,6,11,2013,"BMI_RWB_MCM",2,"SMC",588,20,20,0.170068027210884,6.25,8.19521240775582,4.85,0.59180894389144,0.02,0.462626954655751,0,0.527217949273596,0,2016-08-05,"Distinct set to NA","Yes",2
"53","SMC02984",2010-06-23,6,23,2010,"BMI_RWB_MCM",1,"SMC",546,20,20,0.549450549450549,7.14285714285714,7.75740686131523,4.3,0.554308943294352,0.01,0.509040521218052,0,0.531674732256202,0,2016-08-05,"Distinct set to NA","Yes",2
"54","ME-CC",2012-06-20,6,20,2012,"BMI_RWB_MCM",1,"SMC",585,20,20,0,0,7.5935628555072,4,0.526761953000628,0.01,0.54100699786826,0.01,0.533884475434444,0,2016-08-05,"Distinct set to NA","Yes",2
"55","ME-CC",2014-05-27,5,27,2014,"BMI_RWB",1,"SMC",569,20,20,0,0,7.5935628555072,4.5,0.592607197125707,0.02,0.477206939827799,0,0.534907068476753,0,2016-08-05,"Distinct set to NA","Yes",2
"56","SMC13062",2013-07-23,7,23,2013,"BMI_RWB_MCM",1,"SMC",527,20,20,0.379506641366224,5,7.05746601002046,4.65,0.658876712037685,0.04,0.421424862990348,0,0.540150787514016,0,2016-08-05,"Distinct set to NA","Yes",2
"57","SMC01512",2010-06-23,6,23,2010,"BMI_RWB_MCM",1,"SMC",579,20,20,5.35405872193437,11.7647058823529,7.61755261454892,4,0.525103035371271,0.01,0.555907453688126,0.01,0.540505244529699,0,2016-08-05,"Distinct set to NA","Yes",2
"58","SMC01208",2010-06-08,6,8,2010,"BMI_RWB_MCM",1,"SMC",561,20,20,2.67379679144385,17.6470588235294,7.75147117477223,3.9,0.503130297728882,0,0.584785811080075,0.01,0.543958054404479,0,2016-08-05,"Distinct set to NA","Yes",2
"59","408BA0660",2016-06-20,6,20,2016,"BMI_RWB",1,NA,597,20,20,1.50753768844221,4.54545454545455,7.80310477420397,4.55,0.583101231069163,0.01,0.505625007119016,0,0.544363119094089,0,2018-01-10,"Distinct set to NA","Yes",2
"60","SMCR8_613",2009-06-29,6,29,2009,"BMI_RWB",1,"SMC",592,20,20,15.2027027027027,32.1428571428571,7.67494848413917,4,0.521176136656329,0.01,0.56989684440086,0.01,0.545536490528594,0,2016-08-05,"Distinct set to NA","Yes",2
"61","801M16873",2015-04-15,4,15,2015,"BMI_RWB",1,"SMC",582,20,20,1.54639175257732,16.6666666666667,7.61409132105118,5,0.65667717777119,0.04,0.434427242793627,0,0.545552210282409,0,2016-08-05,"Distinct set to NA","Yes",2
"62","412M08616",2016-06-02,6,2,2016,"BMI_RWB",1,NA,592,20,20,0,0,10.4746446506793,4.85,0.463022867289866,0,0.634701481415164,0.02,0.548862174352515,0,2018-01-10,"Distinct set to NA","Yes",2
"63","SMC02563",2010-06-24,6,24,2010,"BMI_RWB",2,"SMC",581,20,20,0.172117039586919,4.16666666666667,6.9715725214437,4.5,0.645478475072669,0.03,0.459232958374842,0,0.552355716723755,0,2016-08-05,"Distinct set to NA","Yes",2
"64","SMCR8_572",2009-06-30,6,30,2009,"BMI_RWB",1,"SMC",569,20,20,14.5869947275923,27.5862068965517,7.79515865067983,3,0.38485425819247,0,0.720953638040337,0.06,0.552903948116404,0,2016-08-05,"Distinct set to NA","Yes",2
"65","SMC14099",2013-06-13,6,13,2013,"BMI_RWB_MCM",1,"SMC",592,20,20,0.168918918918919,5,8.22915118828794,6.2,0.753419138637784,0.1,0.363575810524783,0,0.558497474581283,0,2016-08-05,"Distinct set to NA","Yes",2
"66","903M20165",2016-06-07,6,7,2016,"BMI_RWB",1,NA,537,20,20,3.35195530726257,9.09090909090909,7.62009144178726,5.25,0.688968110173838,0.05,0.445122684568012,0,0.567045397370925,0,2018-01-10,"Distinct set to NA","Yes",2
"67","SMC06740",2013-06-10,6,10,2013,"BMI_RWB_MCM",1,"SMC",594,20,20,2.35690235690236,8.33333333333333,8.82555102417619,5.5,0.623190550361516,0.02,0.529553938658739,0,0.576372244510128,0,2016-08-05,"Distinct set to NA","Yes",2
"68","408BA0660",2014-06-04,6,4,2014,"BMI_RWB",1,"SWAMP",581,20,20,3.27022375215146,6.89655172413793,7.80310477420397,5,0.640770583592487,0.03,0.51347913527264,0,0.577124859432564,0,2016-08-05,"Distinct set to NA","Yes",2
"69","845PS0011",2016-05-19,5,19,2016,"BMI_RWB_MCM",1,NA,597,20,20,0.33500837520938,4.54545454545455,11.1992919388367,7,0.625039514839819,0.02,0.532437600770901,0,0.57873855780536,0,2018-01-10,"Distinct set to NA","Yes",2
"70","905M21737",2016-05-17,5,17,2016,"BMI_RWB",1,NA,561,20,20,0,0,7.79217224945378,5,0.64166959352708,0.03,0.527714297642072,0,0.584691945584576,0,2018-01-10,"Distinct set to NA","Yes",2
"71","SMC00670",2015-06-23,6,23,2015,"BMI_RWB_MCM",1,"SMC",562,20,20,0.355871886120996,3.7037037037037,11.2385749107848,7.45,0.662895434620525,0.04,0.510403585343475,0,0.586649509982,0,2016-08-05,"Distinct set to NA","Yes",2
"72","910M24924",2017-05-05,5,5,2017,"BMI_RWB",1,NA,557,20,20,0.179533213644524,4.76190476190476,7.05749720616583,4.9,0.694297122175136,0.05,0.486810659769369,0,0.590553890972252,0.01,2018-11-29,NA,"Yes",2
"73","412PS0040",2008-05-20,5,20,2008,"BMI_RWB",1,"SWAMP",589,20,20,0,0,11.0253938174902,5.95,0.539663262691004,0.01,0.64185715731696,0.02,0.590760210003982,0.01,2016-08-05,"Distinct set to NA","Yes",2
"74","845PS0011",2008-05-29,5,29,2008,"BMI_RWB",1,"SWAMP",560,20,20,2.14285714285714,11.1111111111111,11.1992919388367,7.55,0.674149762434376,0.04,0.507624484451763,0,0.590887123443069,0.01,2016-08-05,"Distinct set to NA","Yes",2
"75","SMC02884",2010-06-23,6,23,2010,"BMI_RWB_MCM",1,"SMC",579,20,20,6.56303972366149,8.33333333333333,7.7407196494296,4.95,0.639475426598709,0.03,0.544890094071318,0.01,0.592182760335013,0.01,2016-08-05,"Distinct set to NA","Yes",2
"76","SMC08660",2013-06-06,6,6,2013,"BMI_RWB_MCM",1,"SMC",599,20,20,0,0,7.8157806190843,5,0.639731364489834,0.03,0.564554028089883,0.01,0.602142696289859,0.01,2016-08-05,"Distinct set to NA","Yes",2
"77","405CE0280",2016-06-09,6,9,2016,"BMI_RWB",1,NA,590,20,20,0,0,7.40474483021871,4.9,0.661737860297783,0.04,0.547131827204477,0.01,0.60443484375113,0.01,2018-01-10,"Distinct set to NA","Yes",2
"78","SMC05109",2014-05-07,5,7,2014,"BMI_RWB",2,"SMC",558,20,20,0.3584229390681,7.14285714285714,6.86686926995894,5.4,0.786384564451201,0.13,0.42604476686712,0,0.60621466565916,0.01,2016-08-05,"Distinct set to NA","Yes",2
"79","845PS0011",2008-05-14,5,14,2008,"BMI_RWB",1,"SWAMP",578,20,20,0.173010380622837,3.44827586206897,11.1992919388367,7.5,0.669685194471234,0.04,0.543335629595768,0.01,0.606510412033501,0.01,2016-08-05,"Distinct set to NA","Yes",2
"80","408BA0660",2008-05-06,5,6,2008,"BMI_RWB",1,"SWAMP",554,20,20,0.180505415162455,4.54545454545455,7.80310477420397,5.85,0.74970158280321,0.09,0.470367103135861,0,0.610034342969535,0.01,2016-08-05,"Distinct set to NA","Yes",2
"81","SMC00873",2016-04-25,4,25,2016,"BMI_RWB",1,NA,588,20,20,0,0,7.62079667771726,6,0.787319259880483,0.13,0.436032073519036,0,0.61167566669976,0.01,2018-01-10,"Distinct set to NA","Yes",2
"82","SMC00436",2009-05-26,5,26,2009,"BMI_RWB",1,"SMC",578,20,20,0.173010380622837,3.84615384615385,7.67557154858428,5.7,0.742615708018687,0.09,0.489786195774639,0,0.616200951896663,0.01,2016-08-05,"Distinct set to NA","Yes",2
"83","SMC00206",2009-05-18,5,18,2009,"BMI_RWB",1,"SMC",571,20,20,0.175131348511384,4.76190476190476,7.62670261293548,6,0.786709578766522,0.13,0.45543963969728,0,0.621074609231901,0.01,2016-08-05,"Distinct set to NA","Yes",2
"84","SMC02494",2014-05-22,5,22,2014,"BMI_RWB",1,"SMC",596,20,20,0.838926174496644,8.33333333333333,11.1084296224116,7.7,0.693167284821701,0.05,0.560210401363087,0.01,0.626688843092394,0.01,2016-09-02,"Distinct set to NA","Yes",2
"85","SMC09564",2010-06-01,6,1,2010,"BMI_RWB",1,"SMC",584,20,20,0,0,7.73547749398143,5.7,0.736864660835078,0.08,0.516792343931182,0,0.626828502383129,0.01,2016-08-05,"Distinct set to NA","Yes",2
"86","ME-CC",2016-07-12,7,12,2016,"BMI_RWB_MCM",1,NA,599,20,20,0.1669449081803,4.16666666666667,7.5935628555072,5.4,0.711128636550848,0.06,0.548422905439391,0.01,0.629775770995119,0.01,2018-01-10,"Distinct set to NA","Yes",2
"87","SMC00324",2011-07-13,7,13,2011,"BMI_RWB",1,"SMC",594,20,20,1.85185185185185,6.81818181818182,7.84023618032937,5,0.637735890220331,0.03,0.625179974640567,0.02,0.631457932430449,0.01,2016-08-05,"Distinct set to NA","Yes",2
"88","SMC03011",2013-06-13,6,13,2013,"BMI_RWB_MCM",1,"SMC",585,20,20,2.56410256410256,10.7142857142857,7.6018787942976,5.95,0.782701245442545,0.13,0.487743703438759,0,0.635222474440652,0.01,2016-08-05,"Distinct set to NA","Yes",2
"89","408M03038",2017-04-27,4,27,2017,"BMI_RWB",1,NA,591,20,20,0,0,7.81495292380447,6,0.76775894346387,0.11,0.510914351698793,0,0.639336647581331,0.01,2018-11-29,NA,"Yes",2
"90","901M14126",2016-05-17,5,17,2016,"BMI_RWB",1,NA,588,20,20,2.89115646258503,12,8.23677693033617,6.45,0.783073288806032,0.13,0.499010921287078,0,0.641042105046555,0.01,2018-01-10,"Distinct set to NA","Yes",2
"91","412CE0232",2016-06-21,6,21,2016,"BMI_RWB",1,NA,598,20,20,0.167224080267559,5.26315789473684,7.702714470568,5.8,0.752981305767174,0.1,0.529547137323449,0,0.641264221545311,0.01,2018-01-10,"Distinct set to NA","Yes",2
"92","SMCR8_380",2010-06-14,6,14,2010,"BMI_RWB",1,"SMC",566,20,20,10.4240282685512,21.0526315789474,7.88917331415183,4,0.507023973326164,0,0.783549170782474,0.11,0.645286572054319,0.01,2016-08-05,"Distinct set to NA","Yes",2
"93","SMC01550",2009-06-25,6,25,2009,"BMI_RWB",1,"SMC",585,20,20,1.36752136752137,6.97674418604651,7.71616431587592,5,0.647990347965058,0.03,0.645674407476303,0.02,0.646832377720681,0.01,2016-08-05,"Distinct set to NA","Yes",2
"94","SMC01096",2010-06-07,6,7,2010,"BMI_RWB_MCM",1,"SMC",598,20,20,3.01003344481605,13.6363636363636,7.86113995937667,5.55,0.706004476282098,0.06,0.590213262969529,0.01,0.648108869625813,0.01,2016-08-05,"Distinct set to NA","Yes",2
"95","408M03047",2017-05-30,5,30,2017,"BMI_RWB",1,NA,588,20,20,2.04081632653061,7.5,7.67529452786838,5.4,0.703556062948859,0.06,0.604554613923052,0.01,0.654055338435956,0.02,2018-11-29,NA,"Yes",2
"96","SMC04047",2009-05-14,5,14,2009,"BMI_RWB",1,"SMC",591,20,20,0.338409475465313,3.7037037037037,7.92738391884375,7.4,0.933473145208706,0.36,0.375742280506915,0,0.654607712857811,0.02,2016-08-05,"Distinct set to NA","Yes",2
"97","SMC02484",2013-06-05,6,5,2013,"BMI_RWB_MCM",2,"SMC",589,20,20,0,0,8.90296130051723,6.8,0.763790807403032,0.11,0.546971474335917,0.01,0.655381140869475,0.02,2016-09-07,"Distinct set to NA","Yes",2
"98","SMC04756",2014-05-21,5,21,2014,"BMI_RWB",1,"SMC",592,20,20,1.01351351351351,5.71428571428571,7.81320911251576,6,0.767930297729875,0.11,0.542850265941267,0.01,0.655390281835571,0.02,2016-08-05,"Distinct set to NA","Yes",2
"99","905M21737",2016-05-17,5,17,2016,"BMI_RWB",2,NA,569,20,20,0.175746924428823,3.2258064516129,7.79217224945378,6.45,0.827753775649934,0.18,0.488691024600932,0,0.658222400125433,0.02,2018-01-10,"Distinct set to NA","Yes",2
"100","SMC02884",2014-05-27,5,27,2014,"BMI_RWB",1,"SMC",566,20,20,0,0,7.7407196494296,5.75,0.74282499049345,0.09,0.580665665572434,0.01,0.661745328032942,0.02,2016-08-05,"Distinct set to NA","Yes",2
"101","412CE0232",2015-07-16,7,16,2015,"BMI_RWB_MCM",1,"SMC",594,20,20,0.673400673400673,12.5,7.702714470568,6.4,0.830875923605157,0.19,0.495139880594277,0,0.663007902099717,0.02,2016-08-05,"Distinct set to NA","Yes",2
"102","403M01505",2015-06-29,6,29,2015,"BMI_RWB_MCM",1,"SMC",597,20,20,0,0,8.41594794263506,5.95,0.706991065124986,0.06,0.620821660397271,0.02,0.663906362761128,0.02,2016-08-05,"Distinct set to NA","Yes",2
"103","405CE0280",2016-06-09,6,9,2016,"BMI_RWB",2,NA,593,20,20,0,0,7.40474483021871,5.45,0.736014558902636,0.08,0.593987281251607,0.01,0.665000920077122,0.02,2018-01-10,"Distinct set to NA","Yes",2
"104","SMC01748",2014-05-21,5,21,2014,"BMI_RWB",1,"SMC",576,20,20,0.173611111111111,2.63157894736842,7.82672849326537,5.75,0.734661998937063,0.08,0.605449689701343,0.01,0.670055844319203,0.02,2016-08-05,"Distinct set to NA","Yes",2
"105","412CE0616",2015-07-16,7,16,2015,"BMI_RWB_MCM",1,"SMC",591,20,20,0,0,7.68300326172238,5.85,0.761420996545111,0.1,0.579893691911438,0.01,0.670657344228275,0.02,2016-08-05,"Distinct set to NA","Yes",2
"106","SMC00105",2016-04-28,4,28,2016,"BMI_RWB",1,NA,578,20,20,0,0,7.56279479698451,4.5,0.595018127662841,0.02,0.749142727457606,0.08,0.672080427560224,0.02,2018-01-10,"Distinct set to NA","Yes",2
"107","SMC01004",2009-05-26,5,26,2009,"BMI_RWB",1,"SMC",579,20,20,0.345423143350604,3.84615384615385,8.29365266749911,6.9,0.831961534516569,0.19,0.513562884368893,0,0.672762209442731,0.02,2016-08-05,"Distinct set to NA","Yes",2
"108","SMC04054",2009-05-27,5,27,2009,"BMI_RWB",1,"SMC",572,20,20,1.92307692307692,9.09090909090909,7.08200626330561,5.55,0.783676234340052,0.13,0.562301177980145,0.01,0.672988706160098,0.02,2016-08-05,"Distinct set to NA","Yes",2
"109","SMC00710",2009-05-19,5,19,2009,"BMI_RWB",1,"SMC",598,20,20,0.167224080267559,3.7037037037037,7.59940076071492,6,0.78953593696716,0.13,0.560192068923881,0.01,0.674864002945521,0.02,2016-08-05,"Distinct set to NA","Yes",2
"110","SMC20497",2013-07-16,7,16,2013,"BMI_RWB_MCM",1,"SMC",579,20,20,3.45423143350604,4.65116279069767,7.72289893393483,5.9,0.763961829679667,0.11,0.587426460852569,0.01,0.675694145266118,0.02,2016-08-05,"Distinct set to NA","Yes",2
"111","402M00030",2017-04-19,4,19,2017,"BMI_RWB",1,NA,595,20,20,0,0,7.90191069947053,6,0.759310023637957,0.1,0.596444689949996,0.01,0.677877356793977,0.02,2018-11-29,NA,"Yes",2
"112","909WE0662",2016-05-10,5,10,2016,"BMI_RWB",1,NA,568,20,20,0,0,7.09034083462771,5.55,0.782755036668334,0.13,0.588282596701893,0.01,0.685518816685114,0.02,2018-01-10,"Distinct set to NA","Yes",2
"113","801M16861",2015-04-15,4,15,2015,"BMI_RWB",1,"SMC",502,20,20,1.19760479041916,5.71428571428571,7.77157471347753,5.9,0.759176900116288,0.1,0.616532215996765,0.02,0.687854558056526,0.03,2016-08-05,"Distinct set to NA","Yes",2
"114","905M21756",2017-05-04,5,4,2017,"BMI_RWB",1,NA,593,20,20,0,0,6.95941990743925,6.9,0.991461945359018,0.48,0.386210427191414,0,0.688836186275216,0.03,2018-11-29,NA,"Yes",2
"115","SMC00436",2017-05-31,5,31,2017,"BMI_RWB",1,NA,585,20,20,0,0,7.77838479277357,5.75,0.739228021393591,0.09,0.641272238051509,0.02,0.69025012972255,0.03,2018-11-29,NA,"Yes",2
"116","SMC03268",2009-05-28,5,28,2009,"BMI_RWB",1,"SMC",594,20,20,3.36700336700337,6.89655172413793,6.99814204706268,6,0.857370421984842,0.23,0.525353507841597,0,0.69136196491322,0.03,2016-08-05,"Distinct set to NA","Yes",2
"117","SMC01567",2010-06-09,6,9,2010,"BMI_RWB_MCM",1,"SMC",579,20,20,16.9257340241796,8.88888888888889,12.2659164763652,11.6,0.945710010528092,0.39,0.446598037575681,0,0.696154024051887,0.03,2016-08-05,"Distinct set to NA","Yes",2
"118","SMC02228",2009-06-23,6,23,2009,"BMI_RWB",1,"SMC",596,20,20,0,0,7.7606892126055,6.55,0.84399720444429,0.21,0.552679105045117,0.01,0.698338154744704,0.03,2016-08-05,"Distinct set to NA","Yes",2
"119","412CE0232",2006-06-01,6,1,2006,"BMI_RWB",1,"SWAMP",501,20,20,0,0,7.702714470568,6.7,0.869823232524149,0.25,0.529056221044141,0,0.699439726784145,0.03,2016-08-05,"Distinct set to NA","Yes",2
"120","845M10601",2016-05-19,5,19,2016,"BMI_RWB",1,NA,587,20,20,0.170357751277683,3.2258064516129,7.62153108567314,6.5,0.852847010257377,0.22,0.549332362943251,0.01,0.701089686600314,0.03,2018-01-10,"Distinct set to NA","Yes",2
"121","SMC00873",2015-04-23,4,23,2015,"BMI_RWB_MCM",1,"SMC",567,20,20,0.352733686067019,2.4390243902439,7.62079667771726,7,0.91853913652723,0.33,0.489603588492205,0,0.704071362509718,0.03,2016-08-05,"Distinct set to NA","Yes",2
"122","412CE0232",2017-05-31,5,31,2017,"BMI_RWB",1,NA,570,20,20,2.98245614035088,7.14285714285714,7.76855544919187,6.3,0.810961579820527,0.16,0.609269559352153,0.01,0.71011556958634,0.04,2018-11-29,NA,"Yes",2
"123","ME-CC",2011-07-07,7,7,2011,"BMI_RWB_MCM",1,"SMC",583,20,20,1.37221269296741,9.67741935483871,7.5935628555072,7,0.921833417751099,0.34,0.503046615379551,0,0.712440016565325,0.04,2016-08-05,"Distinct set to NA","Yes",2
"124","ME-CC",2013-06-12,6,12,2013,"BMI_RWB",1,"SMC",593,20,20,1.68634064080944,9.67741935483871,7.5935628555072,7,0.921833417751099,0.34,0.513445356876844,0,0.717639387313972,0.04,2016-08-05,"Distinct set to NA","Yes",2
"125","801M12665",2017-05-18,5,18,2017,"BMI_RWB",1,NA,577,20,20,0,0,7.63294948888534,7.45,0.976031612792441,0.45,0.470766954576393,0,0.723399283684417,0.04,2018-11-29,NA,"Yes",2
"126","405CE0280",2015-07-06,7,6,2015,"BMI_RWB",1,"SMC",596,20,20,0.167785234899329,4,7.40474483021871,6,0.810291257507489,0.16,0.639034092199779,0.02,0.724662674853634,0.04,2016-08-05,"Distinct set to NA","Yes",2
"127","SMC00206",2014-06-05,6,5,2014,"BMI_RWB",1,"SMC",588,20,20,0,0,7.62670261293548,8,1.04894610502203,0.6,0.401374267271362,0,0.725160186146695,0.04,2016-08-05,"Distinct set to NA","Yes",2
"128","412M08599",2015-09-30,9,30,2015,"BMI_RWB",1,"SMC",577,20,20,0,0,7.66146814158448,7.35,0.959346154571353,0.42,0.493426290187814,0,0.726386222379583,0.04,2016-08-05,"Distinct set to NA","Yes",2
"129","412M08597",2015-07-16,7,16,2015,"BMI_RWB_MCM",2,"SMC",595,20,20,0.168067226890756,3.2258064516129,7.70308802275656,6.85,0.889253761577649,0.28,0.574426650953672,0.01,0.731840206265661,0.05,2016-08-05,"Distinct set to NA","Yes",2
"130","SMC00105",2014-05-20,5,20,2014,"BMI_RWB",1,"SMC",594,20,20,0.168350168350168,1.75438596491228,7.56279479698451,5.3,0.700799128136235,0.06,0.765366354850664,0.1,0.73308274149345,0.05,2016-08-05,"Distinct set to NA","Yes",2
"131","905PS0026",2016-05-05,5,5,2016,"BMI_RWB",1,NA,589,20,20,2.20713073005093,13.3333333333333,6.23025283732661,4.85,0.778459578870178,0.12,0.695303312123849,0.04,0.736881445497013,0.05,2018-01-10,"Distinct set to NA","Yes",2
"132","SMC08150",2014-07-08,7,8,2014,"BMI_RWB",1,"SMC",534,20,20,5.0561797752809,6.89655172413793,7.60946449690886,6.8,0.893623986650088,0.29,0.584295111524656,0.01,0.738959549087372,0.05,2016-08-05,"Distinct set to NA","Yes",2
"133","SMC06904",2014-07-08,7,8,2014,"BMI_RWB",1,"SMC",590,20,20,0.508474576271186,5.55555555555556,7.87860822799865,5.95,0.755209527852286,0.1,0.745674186200277,0.08,0.750441857026281,0.06,2016-08-05,"Distinct set to NA","Yes",2
"134","SMC00080",2010-07-08,7,8,2010,"BMI_RWB",1,"SMC",532,20,20,3.38345864661654,8.33333333333333,6.90452718581108,5.95,0.861753432186834,0.23,0.642495369886438,0.02,0.752124401036636,0.06,2016-08-05,"Distinct set to NA","Yes",2
"135","SMC01748",2009-06-03,6,3,2009,"BMI_RWB",1,"SMC",596,20,20,0.167785234899329,4.34782608695652,7.82672849326537,6.75,0.86242930310003,0.23,0.643815877319273,0.02,0.753122590209651,0.06,2016-08-05,"Distinct set to NA","Yes",2
"136","SMC04934",2013-07-12,7,12,2013,"BMI_RWB_MCM",1,"SMC",592,20,20,1.52027027027027,7.84313725490196,8.18578186982202,7.7,0.940655409886632,0.38,0.569001872754885,0.01,0.754828641320758,0.06,2016-08-05,"Distinct set to NA","Yes",2
"137","SMC00206",2016-05-17,5,17,2016,"BMI_RWB",1,NA,595,20,20,0.336134453781513,3.84615384615385,7.62670261293548,8,1.04894610502203,0.6,0.468093983227939,0,0.758520044124984,0.07,2018-01-10,"Distinct set to NA","Yes",2
"138","403M01506",2015-06-17,6,17,2015,"BMI_RWB_MCM",1,"SMC",569,20,20,0.175746924428823,3.33333333333333,7.87838384866517,7.25,0.920239498260593,0.34,0.600791211388056,0.01,0.760515354824325,0.07,2016-08-05,"Distinct set to NA","Yes",2
"139","402M00046",2017-04-26,4,26,2017,"BMI_RWB",1,NA,586,20,20,0.170648464163823,2.4390243902439,7.8984995293201,7,0.886244276398983,0.27,0.635306191170329,0.02,0.760775233784656,0.07,2018-11-29,NA,"Yes",2
"140","SMC00324",2012-07-19,7,19,2012,"BMI_RWB",1,"SMC",571,20,20,5.07880910683012,8.57142857142857,7.84023618032937,6.3,0.803547221677618,0.15,0.724825498407071,0.06,0.764186360042344,0.07,2016-08-05,"Distinct set to NA","Yes",2
"141","SMC00324",2010-06-21,6,21,2010,"BMI_RWB_MCM",1,"SMC",569,20,20,1.93321616871705,6.25,7.84023618032937,6.95,0.886452887406261,0.28,0.648603867346387,0.02,0.767528377376324,0.07,2016-08-05,"Distinct set to NA","Yes",2
"142","405PS0030",2015-07-08,7,8,2015,"BMI_RWB",2,"SMC",586,20,20,2.21843003412969,7.40740740740741,7.74816160311607,6.9,0.890533826401483,0.28,0.645429386069604,0.02,0.767981606235543,0.07,2016-08-05,"Distinct set to NA","Yes",2
"143","SMC01096",2016-06-14,6,14,2016,"BMI_RWB",1,NA,571,20,20,2.27670753064799,10.8695652173913,7.86113995937667,6.55,0.83321249002662,0.19,0.70604489164627,0.05,0.769628690836445,0.08,2018-01-10,"Distinct set to NA","Yes",2
"144","SMC00206",2017-06-22,6,22,2017,"BMI_RWB",1,NA,581,20,20,1.20481927710843,5.26315789473684,7.6438884596328,7.85,1.02696422657862,0.56,0.513896656405617,0,0.770430441492116,0.08,2018-11-29,NA,"Yes",2
"145","SMCR8_272",2008-06-25,6,25,2008,"BMI_RWB",1,"SMC",561,20,20,0.53475935828877,6.66666666666667,9.35740050909348,6.4,0.683950632847286,0.05,0.857348551865613,0.21,0.770649592356449,0.08,2016-08-05,"Distinct set to NA","Yes",2
"146","906M21738",2017-05-16,5,16,2017,"BMI_RWB",1,NA,565,20,20,3.89380530973451,10.5263157894737,7.66043721641969,6.8,0.887677792779843,0.28,0.655026141566052,0.03,0.771351967172948,0.08,2018-11-29,NA,"Yes",2
"147","408M03027",2016-06-29,6,29,2016,"BMI_RWB",1,NA,581,20,20,0,0,8.85703520542941,7.85,0.886301094884201,0.28,0.659423316604679,0.03,0.77286220574444,0.08,2018-01-10,"Distinct set to NA","Yes",2
"148","SMC06926",2009-07-01,7,1,2009,"BMI_RWB",1,"SMC",599,20,20,0.834724540901502,5.40540540540541,7.50333516884188,6.95,0.926254771192996,0.35,0.630100850683165,0.02,0.778177810938081,0.08,2016-08-05,"Distinct set to NA","Yes",2
"149","SMC06079",2013-06-26,6,26,2013,"BMI_RWB_MCM",2,"SMC",583,20,20,3.9451114922813,5.40540540540541,11.238030983699,8.5,0.756360256732648,0.1,0.803693343336481,0.14,0.780026800034564,0.08,2016-08-05,"Distinct set to NA","Yes",2
"150","SMC00520",2017-06-14,6,14,2017,"BMI_RWB",1,NA,597,20,20,0,0,7.88194291011392,7,0.888105899754459,0.28,0.696870586768289,0.05,0.792488243261374,0.1,2018-11-29,NA,"Yes",2
"151","SMCR8_419",2007-04-19,4,19,2007,"BMI_RWB",1,"SMC",552,20,20,14.6739130434783,18.1818181818182,7.08643152515593,4,0.564458992625627,0.01,1.02296627157391,0.55,0.79371263209977,0.1,2016-08-05,"Distinct set to NA","Yes",2
"152","SMC00924",2011-06-20,6,20,2011,"BMI_RWB",1,"SMC",578,20,20,0,0,10.5130410082878,8.3,0.789495636272783,0.13,0.799735894415588,0.13,0.794615765344186,0.1,2016-08-05,"Distinct set to NA","Yes",2
"153","SMC00520",2011-08-05,8,5,2011,"BMI_RWB",1,"SMC",598,20,20,0,0,7.85707054675529,6.65,0.846371425638558,0.21,0.746788446977753,0.08,0.796579936308156,0.1,2016-08-05,"Distinct set to NA","Yes",2
"154","SMC00440",2009-05-20,5,20,2009,"BMI_RWB",1,"SMC",586,20,20,2.21843003412969,10.8108108108108,8.87431251497618,8.8,0.99162611020845,0.48,0.602331473469382,0.01,0.796978791838916,0.1,2016-08-05,"Distinct set to NA","Yes",2
"155","906M21758",2017-05-11,5,11,2017,"BMI_RWB",1,NA,537,20,20,2.97951582867784,4.54545454545455,8.22884047364828,8.55,1.03902852745538,0.58,0.556058243007863,0.01,0.797543385231621,0.1,2018-11-29,NA,"Yes",2
"156","SMC01384",2015-06-30,6,30,2015,"BMI_RWB",1,"SMC",593,20,20,1.01180438448567,8.33333333333333,7.7473704706799,6.85,0.88417096173779,0.27,0.711294442169357,0.05,0.797732701953574,0.1,2016-08-05,"Distinct set to NA","Yes",2
"157","403M01538",2017-05-25,5,25,2017,"BMI_RWB",1,NA,582,20,20,2.57731958762887,8.51063829787234,11.9550238853223,10.95,0.915932925357327,0.33,0.680201291799011,0.04,0.798067108578169,0.1,2018-11-29,NA,"Yes",2
"158","906M21758",2017-05-11,5,11,2017,"BMI_RWB",2,NA,550,20,20,2,2.4390243902439,8.22884047364828,8.6,1.04510471767442,0.59,0.551574818785925,0.01,0.798339768230171,0.1,2018-11-29,NA,"Yes",2
"159","SMC19697",2013-06-24,6,24,2013,"BMI_RWB_MCM",1,"SMC",582,20,20,1.89003436426117,6.97674418604651,7.86230553717703,8.3,1.05566998900683,0.62,0.550923948146893,0.01,0.803296968576861,0.11,2016-08-05,"Distinct set to NA","Yes",2
"160","SMC04383",2014-05-19,5,19,2014,"BMI_RWB",1,"SMC",548,20,20,0,0,12.1688458259773,11.9,0.977907039844043,0.45,0.63090281939679,0.02,0.804404929620417,0.11,2016-08-05,"Distinct set to NA","Yes",2
"161","SMC00473",2009-06-03,6,3,2009,"BMI_RWB",1,"SMC",589,20,20,2.37691001697793,6.45161290322581,8.18570384917843,8,0.977313636970012,0.45,0.639542986310907,0.02,0.80842831164046,0.12,2016-08-05,"Distinct set to NA","Yes",2
"162","911M24945",2017-04-04,4,4,2017,"BMI_RWB",1,NA,582,20,20,0.343642611683849,3.125,6.48192668114552,4.75,0.732806807861109,0.08,0.891245729276708,0.27,0.812026268568908,0.12,2018-11-29,NA,"Yes",2
"163","901M14138",2017-06-20,6,20,2017,"BMI_RWB",1,NA,585,20,20,0.683760683760684,2.4390243902439,7.58726913481176,7.75,1.02144788359248,0.54,0.603519591014831,0.01,0.812483737303654,0.12,2018-11-29,NA,"Yes",2
"164","SMC00873",2014-06-10,6,10,2014,"BMI_RWB",1,"SMC",566,20,20,0.530035335689046,5.12820512820513,7.62079667771726,7.95,1.04319801934164,0.59,0.586405538647618,0.01,0.814801778994629,0.12,2016-08-05,"Distinct set to NA","Yes",2
"165","SMC17692",2013-06-12,6,12,2013,"BMI_RWB",1,"SMC",596,20,20,0.167785234899329,3.2258064516129,7.75544464214007,7.75,0.999297958738499,0.5,0.640532438153994,0.02,0.819915198446247,0.13,2016-08-05,"Distinct set to NA","Yes",2
"166","SMC01196",2010-07-14,7,14,2010,"BMI_RWB",1,"SMC",589,20,20,4.24448217317487,3.7037037037037,7.06621310770589,6,0.849111102162605,0.21,0.791763988796948,0.12,0.820437545479776,0.13,2016-08-05,"Distinct set to NA","Yes",2
"167","SMC19669",2013-06-12,6,12,2013,"BMI_RWB_MCM",1,"SMC",588,20,20,1.36054421768707,9.09090909090909,6.85590217678853,7.9,1.15229182043268,0.79,0.502777330740522,0,0.827534575586599,0.14,2016-08-05,"Distinct set to NA","Yes",2
"168","909M24925",2016-05-10,5,10,2016,"BMI_RWB",1,NA,579,20,20,0.345423143350604,2.7027027027027,6.36689937391121,6.75,1.06017067391682,0.62,0.598313230242996,0.01,0.829241952079906,0.14,2018-01-10,"Distinct set to NA","Yes",2
"169","SMC01172",2009-06-24,6,24,2009,"BMI_RWB",1,"SMC",592,20,20,3.20945945945946,4.8780487804878,7.63952899280619,6.65,0.87047251293398,0.25,0.788254144810925,0.12,0.829363328872453,0.14,2016-08-05,"Distinct set to NA","Yes",2
"170","904WE1125",2017-04-25,4,25,2017,"BMI_RWB",1,NA,570,20,20,0.175438596491228,3.44827586206897,6.85881240536812,6.7,0.976845495111686,0.45,0.682891424632343,0.04,0.829868459872015,0.14,2018-11-29,NA,"Yes",2
"171","905BCC",2014-06-11,6,11,2014,"BMI_RWB_MCM",1,"SMC",565,20,20,2.30088495575221,8.16326530612245,4.98752414724165,3,0.60150084720074,0.02,1.05904879765476,0.63,0.830274822427751,0.14,2016-08-05,"Distinct set to NA","Yes",2
"172","SMC21822",2010-06-21,6,21,2010,"BMI_RWB_MCM",1,"SMC",561,20,20,0,0,7.84299562711655,7.8,0.994517958550442,0.49,0.669908415322724,0.03,0.832213186936583,0.15,2016-08-05,"Distinct set to NA","Yes",2
"173","SMC01544",2010-07-14,7,14,2010,"BMI_RWB",1,"SMC",551,20,20,15.0635208711434,14.8936170212766,7.76928278457497,7,0.900984066881656,0.3,0.769288509906633,0.1,0.835136288394145,0.15,2016-08-05,"Distinct set to NA","Yes",2
"174","SMC16169",2015-06-16,6,16,2015,"BMI_RWB",1,"SMC",572,20,20,0.524475524475524,4.34782608695652,7.58950604713655,6.5,0.856445723823145,0.23,0.818229426068808,0.16,0.837337574945977,0.16,2016-08-05,"Distinct set to NA","Yes",2
"175","SMC07128",2014-06-26,6,26,2014,"BMI_RWB",1,"SMC",550,20,20,0.363636363636364,3.92156862745098,7.72307984097365,6,0.776892136757138,0.12,0.901037476019925,0.29,0.838964806388532,0.16,2016-09-07,"Distinct set to NA","Yes",2
"176","801M16908",2016-05-24,5,24,2016,"BMI_RWB",1,NA,595,20,20,0.840336134453782,12.1212121212121,8.91629197744075,8.75,0.981349648726007,0.46,0.697225998738195,0.05,0.839287823732101,0.16,2018-01-10,"Distinct set to NA","Yes",2
"177","SMC00105",2017-04-12,4,12,2017,"BMI_RWB",1,NA,596,20,20,6.71140939597315,4.76190476190476,7.59400113919653,7.4,0.97445336975324,0.45,0.713758381750702,0.06,0.844105875751971,0.17,2018-11-29,NA,"Yes",2
"178","911M24934",2017-04-04,4,4,2017,"BMI_RWB",1,NA,502,20,20,1.39442231075697,5,7.00977496818193,4.7,0.670492279899679,0.04,1.02793300126946,0.56,0.849212640584567,0.17,2018-11-29,NA,"Yes",2
"179","SMC00080",2012-06-06,6,6,2012,"BMI_RWB_MCM",1,"SMC",588,20,20,0.170068027210884,2.7027027027027,6.90452718581108,5.85,0.847270181225711,0.21,0.852190176733881,0.2,0.849730178979796,0.17,2016-08-05,"Distinct set to NA","Yes",2
"180","SMCR8_184",2009-07-07,7,7,2009,"BMI_RWB",1,"SMC",586,20,20,26.1092150170648,27.7777777777778,6.35701311924695,4,0.629226324527994,0.03,1.07363705339279,0.66,0.851431688960393,0.18,2016-08-05,"Distinct set to NA","Yes",2
"181","904WE1125",2016-06-14,6,14,2016,"BMI_RWB",1,NA,570,20,20,4.3859649122807,7.89473684210526,6.86137294926867,6.9,1.00562963870598,0.51,0.703076842726119,0.05,0.854353240716047,0.18,2018-01-10,"Distinct set to NA","Yes",2
"182","SMC02127",2014-05-19,5,19,2014,"BMI_RWB",1,"SMC",566,20,20,14.8409893992933,4.54545454545455,11.958127579961,10.8,0.903151427995988,0.31,0.811067675323175,0.15,0.857109551659581,0.19,2016-08-05,"Distinct set to NA","Yes",2
"183","SMC05759",2014-05-29,5,29,2014,"BMI_RWB",1,"SMC",596,20,20,2.18120805369128,6.81818181818182,7.89768761049533,7.75,0.981299892097648,0.46,0.733682782654907,0.07,0.857491337376278,0.19,2016-08-05,"Distinct set to NA","Yes",2
"184","909WE0662",2001-05-16,5,16,2001,"BMI_RWB",1,"SWAMP",523,20,20,0.191204588910134,2.27272727272727,7.09034083462771,5,0.70518471771922,0.06,1.01306770646752,0.53,0.859126212093369,0.19,2016-08-05,"Distinct set to NA","Yes",2
"185","SMC07128",2014-07-15,7,15,2014,"BMI_RWB",1,"SMC",596,20,20,0,0,7.72307984097365,6.8,0.880477754991423,0.26,0.839436407862852,0.19,0.859957081427138,0.19,2016-09-07,"Distinct set to NA","Yes",2
"186","REF-TCAS",2014-06-10,6,10,2014,"BMI_RWB",1,"SMC",596,20,20,0.671140939597315,2.38095238095238,6.46424724941725,5.65,0.874038350019694,0.25,0.850313828617407,0.2,0.862176089318551,0.19,2016-08-05,"Distinct set to NA","Yes",2
"187","SMCR8_112",2008-06-11,6,11,2008,"BMI_RWB",1,"SMC",556,20,20,0,0,6.91537023152925,7,1.01223792300879,0.53,0.72890532791249,0.07,0.870571625460641,0.21,2016-08-05,"Distinct set to NA","Yes",2
"188","SMC02127",2009-06-04,6,4,2009,"BMI_RWB",1,"SMC",599,20,20,1.83639398998331,6.52173913043478,11.958127579961,11.8,0.986776560217838,0.47,0.755098778921606,0.09,0.870937669569722,0.21,2016-08-05,"Distinct set to NA","Yes",2
"189","SMC00206",2017-06-22,6,22,2017,"BMI_RWB",2,NA,576,20,20,4.51388888888889,7.69230769230769,7.6438884596328,9,1.17741121518567,0.82,0.576394381608366,0.01,0.87690279839702,0.22,2018-11-29,NA,"Yes",2
"190","SMCR8_362",2008-07-17,7,17,2008,"BMI_RWB",1,"SMC",558,20,20,0.896057347670251,11.5384615384615,6.40678714047511,5,0.780422369335844,0.12,0.974584023263493,0.44,0.877503196299668,0.22,2016-08-05,"Distinct set to NA","Yes",2
"191","SMC01544",2016-06-14,6,14,2016,"BMI_RWB",1,NA,584,20,20,0,0,7.76928278457497,8,1.02969607643618,0.56,0.733173008918831,0.07,0.881434542677505,0.23,2018-01-10,"Distinct set to NA","Yes",2
"192","SMC08335",2010-07-07,7,7,2010,"BMI_RWB_MCM",1,"SMC",530,20,20,3.20754716981132,7.89473684210526,7.85882832291588,8,1.01796345094758,0.54,0.745261962302409,0.08,0.881612706624993,0.23,2016-08-05,"Distinct set to NA","Yes",2
"193","SMC00963",2014-07-09,7,9,2014,"BMI_RWB",1,"SMC",579,20,20,2.24525043177893,4.8780487804878,7.6299847053179,9,1.17955675503874,0.83,0.584756919561705,0.01,0.882156837300223,0.23,2016-08-05,"Distinct set to NA","Yes",2
"194","SMCR8_124",2009-06-24,6,24,2009,"BMI_RWB",1,"SMC",599,20,20,27.212020033389,26.6666666666667,6.92150734216032,5,0.722385999584798,0.07,1.04816017254364,0.61,0.88527308606422,0.24,2016-08-05,"Distinct set to NA","Yes",2
"195","SMC35697",2010-06-23,6,23,2010,"BMI_RWB",1,"SMC",566,20,20,9.01060070671378,9.30232558139535,7.86648495701645,8.5,1.08053343347698,0.66,0.690819695853204,0.04,0.885676564665092,0.24,2016-08-05,"Distinct set to NA","Yes",2
"196","405PS0030",2015-07-08,7,8,2015,"BMI_RWB",1,"SMC",578,20,20,0.346020761245675,2.63157894736842,7.74816160311607,8.3,1.07122184914961,0.65,0.706939955516406,0.05,0.889080902333008,0.24,2016-08-05,"Distinct set to NA","Yes",2
"197","SGUR010",2010-06-18,6,18,2010,"BMI_RWB",1,"SMC",585,20,20,5.64102564102564,14.7058823529412,6.24787372686137,5.8,0.928315816477558,0.35,0.85766926762937,0.21,0.892992542053464,0.25,2016-08-05,"Distinct set to NA","Yes",2
"198","SMC00080",2011-06-13,6,13,2011,"BMI_RWB",1,"SMC",598,20,20,1.67224080267559,2.63157894736842,6.90452718581108,6.75,0.97761943987582,0.45,0.809573699384163,0.14,0.893596569629992,0.25,2016-08-05,"Distinct set to NA","Yes",2
"199","SMC01424",2009-07-01,7,1,2009,"BMI_RWB",1,"SMC",581,20,20,3.09810671256454,2.4390243902439,8.73347925925926,7,0.8015133250106,0.15,0.985780613615757,0.47,0.893646969313179,0.25,2016-08-05,"Distinct set to NA","Yes",2
"200","902M18893",2017-05-18,5,18,2017,"BMI_RWB",1,NA,565,20,20,1.5929203539823,10.2040816326531,6.9243183504231,7.6,1.09758096254133,0.7,0.695870165696042,0.04,0.896725564118687,0.26,2018-11-29,NA,"Yes",2
"201","SGUT502",2010-05-27,5,27,2010,"BMI_RWB_MCM",1,"SMC",594,20,20,0.168350168350168,2.85714285714286,8.78026274783353,9.25,1.05349922498417,0.61,0.745481547651024,0.08,0.899490386317597,0.27,2016-08-05,"Distinct set to NA","Yes",2
"202","SMC06467",2010-06-28,6,28,2010,"BMI_RWB_MCM",1,"SMC",589,20,20,3.56536502546689,10.2564102564103,11.9393111139808,10.9,0.91295049571463,0.32,0.891227457087377,0.27,0.902088976401003,0.27,2016-08-05,"Distinct set to NA","Yes",2
"203","SGUT505",2012-06-18,6,18,2012,"BMI_RWB",1,"SMC",594,20,20,1.85185185185185,4.16666666666667,7.65485807196661,7.95,1.03855615940343,0.58,0.769322785232282,0.1,0.903939472317857,0.27,2016-08-05,"Distinct set to NA","Yes",2
"204","SMC05848",2013-06-18,6,18,2013,"BMI_RWB_MCM",1,"SMC",562,20,20,3.91459074733096,8.06451612903226,8.30537029135656,7.9,0.951191785900452,0.4,0.865659767135938,0.23,0.908425776518195,0.28,2016-09-07,"Distinct set to NA","Yes",2
"205","412WE0896",2015-09-02,9,2,2015,"BMI_RWB",1,"SMC",590,20,20,2.3728813559322,7.54716981132075,7.77110537716757,7.55,0.971547757180439,0.44,0.867691082089781,0.23,0.91961941963511,0.31,2016-08-05,"Distinct set to NA","Yes",2
"206","412WE0552",2017-05-24,5,24,2017,"BMI_RWB",1,NA,577,20,20,1.38648180242634,6.97674418604651,11.0671548270655,9.3,0.840324378335812,0.2,0.999129688314432,0.5,0.919727033325122,0.31,2018-11-29,NA,"Yes",2
"207","SMC18046",2013-06-24,6,24,2013,"BMI_RWB_MCM",1,"SMC",599,20,20,1.3355592654424,1.69491525423729,11.9551549459284,12.75,1.06648555018037,0.64,0.775040632406581,0.1,0.920763091293475,0.31,2016-08-05,"Distinct set to NA","Yes",2
"208","412WE0552",2016-06-08,6,8,2016,"BMI_RWB",1,NA,597,20,20,0.33500837520938,4.54545454545455,9.91129355312702,9.5,0.958502535423617,0.41,0.884414283511951,0.26,0.921458409467784,0.31,2018-01-10,"Distinct set to NA","Yes",2
"209","SMC00924",2017-05-24,5,24,2017,"BMI_RWB",1,NA,599,20,20,0,0,11.1843616499465,9.55,0.853870815241892,0.22,0.990480655012678,0.48,0.922175735127285,0.31,2018-11-29,NA,"Yes",2
"210","SMC05640",2013-06-17,6,17,2013,"BMI_RWB_MCM",1,"SMC",593,20,20,8.93760539629005,14.0625,7.77061049962199,6.95,0.894395620567791,0.29,0.950138518005134,0.39,0.922267069286462,0.31,2016-08-05,"Distinct set to NA","Yes",2
"211","SMC04239",2009-06-11,6,11,2009,"BMI_RWB",1,"SMC",525,20,20,0.19047619047619,2.17391304347826,7.91256797398733,8.55,1.08055943760714,0.66,0.766363829322314,0.1,0.923461633464726,0.32,2016-08-05,"Distinct set to NA","Yes",2
"212","405PS0036",2008-05-28,5,28,2008,"BMI_RWB",1,"SWAMP",597,20,20,1.84254606365159,9.30232558139535,8.74051209361373,7.5,0.858073293609408,0.23,0.99109428935836,0.48,0.924583791483884,0.32,2016-08-05,"Distinct set to NA","Yes",2
"213","911M24926",2016-03-23,3,23,2016,"BMI_RWB",1,NA,556,20,20,0,0,6.84626239057239,6.8,0.99324267929957,0.49,0.85666394518921,0.21,0.92495331224439,0.32,2018-01-10,"Distinct set to NA","Yes",2
"214","SMCR8_184",2009-07-07,7,7,2009,"BMI_RWB",2,"SMC",521,20,20,22.8406909788868,20,6.35701311924695,5,0.786532905659993,0.13,1.07270511716024,0.66,0.929619011410115,0.33,2016-08-05,"Distinct set to NA","Yes",2
"215","SMC04175",2009-06-11,6,11,2009,"BMI_RWB",1,"SMC",510,20,20,1.17647058823529,6.12244897959184,10.1484625838498,9.75,0.960736655374393,0.42,0.89989670180318,0.29,0.930316678588787,0.33,2016-08-05,"Distinct set to NA","Yes",2
"216","SGUT503",2010-05-27,5,27,2010,"BMI_RWB",1,"SMC",561,20,20,1.06951871657754,4.76190476190476,7.59613672609124,7.65,1.00709087735661,0.51,0.853601892198783,0.21,0.930346384777696,0.33,2016-08-05,"Distinct set to NA","Yes",2
"217","SMC05968",2013-07-01,7,1,2013,"BMI_RWB",1,"SMC",591,20,20,0.338409475465313,2.08333333333333,7.74779405066852,8.45,1.09063301692575,0.68,0.774382466168683,0.1,0.932507741547217,0.34,2016-08-05,"Distinct set to NA","Yes",2
"218","SMC34888",2010-06-24,6,24,2010,"BMI_RWB_MCM",1,"SMC",587,20,20,0.851788756388416,2.56410256410256,7.77282568585491,8.65,1.11285140688815,0.72,0.75814784417167,0.09,0.935499625529911,0.34,2016-08-05,"Distinct set to NA","Yes",2
"219","SMCR8_469",2008-07-07,7,7,2008,"BMI_RWB",2,"SMC",514,20,20,11.6731517509728,17.8571428571429,8.25193630231674,8.95,1.08459392706258,0.67,0.789014380081929,0.12,0.936804153572256,0.35,2016-08-05,"Distinct set to NA","Yes",2
"220","SMC00191",2010-07-12,7,12,2010,"BMI_RWB_MCM",1,"SMC",564,20,20,1.06382978723404,10.5263157894737,10.0900752651393,11.75,1.1645106395386,0.81,0.721152353542533,0.06,0.942831496540565,0.36,2016-08-05,"Distinct set to NA","Yes",2
"221","SMC00271",2016-06-22,6,22,2016,"BMI_RWB",1,NA,579,20,20,0,0,8.98593527512346,8.5,0.945922682475945,0.39,0.940179284127768,0.37,0.943050983301856,0.36,2018-01-10,"Distinct set to NA.  Changed taxa: Axonopsinae - Axonopsidae; Aeshna/Rhionaeshna - Aeshna/ Rhionaeshna; Ylodes - Leptoceridae; Eukiefferiella tirolensis - Eukiefferiella; Eogammarus - Anisogammaridae; Truncatelloidea - Gastropoda","Yes",2
"222","402M00005",2015-06-11,6,11,2015,"BMI_RWB",1,"SMC",586,20,20,0.68259385665529,5.45454545454545,11.1656322714707,13.6,1.21802327618736,0.87,0.671898929699268,0.03,0.944961102943313,0.37,2016-08-05,"Distinct set to NA","Yes",2
"223","SGUT503",2011-07-27,7,27,2011,"BMI_RWB",1,"SMC",521,20,20,0.191938579654511,2.17391304347826,7.59613672609124,7,0.921521064247879,0.34,0.969824442224096,0.43,0.945672753235988,0.37,2016-08-05,"Distinct set to NA","Yes",2
"224","SMC00520",2016-06-14,6,14,2016,"BMI_RWB",1,NA,593,20,20,1.34907251264755,2.22222222222222,7.85707054675529,8.2,1.04364596845657,0.59,0.859942558715411,0.22,0.951794263585989,0.38,2018-01-10,"Distinct set to NA","Yes",2
"225","REF-BC",2016-04-20,4,20,2016,"BMI_RWB",1,NA,582,20,20,0.343642611683849,2.27272727272727,6.50003517226265,7.85,1.20768577276289,0.86,0.704327834220331,0.05,0.956006803491612,0.39,2018-01-10,"Distinct set to NA","Yes",2
"226","901M14118",2015-04-30,4,30,2015,"BMI_RWB",1,"SMC",595,20,20,0.840336134453782,9.09090909090909,6.73937058016058,7.75,1.14995902181348,0.78,0.770363844209782,0.1,0.960161433011631,0.4,2016-08-05,"Distinct set to NA","Yes",2
"227","SMC00464",2009-05-08,5,8,2009,"BMI_RWB",1,"SMC",567,20,20,0.705467372134039,2.5,8.86078272727273,7.7,0.86899772142026,0.25,1.07146856365814,0.66,0.970233142539203,0.43,2016-08-05,"Distinct set to NA","Yes",2
"228","SMC01097",2017-05-18,5,18,2017,"BMI_RWB",1,NA,569,20,20,0.351493848857645,1.92307692307692,6.93990807297064,7,1.0086588938063,0.52,0.955909801626563,0.4,0.982284347716433,0.46,2018-11-29,NA,"Yes",2
"229","902M18865",2016-05-05,5,5,2016,"BMI_RWB",1,NA,567,20,20,0,0,6.87756746435812,8.95,1.30133220013936,0.94,0.671489120095733,0.03,0.986410660117544,0.47,2018-01-10,"Distinct set to NA","Yes",2
"230","403M01553",2017-05-25,5,25,2017,"BMI_RWB",1,NA,587,20,20,3.40715502555366,9.80392156862745,7.89114420945478,9.85,1.24823469683879,0.9,0.728542204894956,0.06,0.988388450866875,0.47,2018-11-29,NA,"Yes",2
"231","903FRC",2014-05-12,5,12,2014,"BMI_RWB_MCM",1,"SMC",556,20,20,0.719424460431655,6.52173913043478,7.49282259887934,6.6,0.88084295509507,0.27,1.10016762791078,0.71,0.990505291502924,0.48,2016-08-05,"Distinct set to NA","Yes",2
"232","405PS0030",2014-07-07,7,7,2014,"BMI_RWB",1,"SWAMP",588,20,20,2.04081632653061,5.26315789473684,7.74816160311607,8.85,1.14220642951495,0.77,0.854394726031054,0.21,0.998300577773,0.5,2016-08-05,"Distinct set to NA","Yes",2
"233","SGUT504",2012-06-19,6,19,2012,"BMI_RWB",1,"SMC",584,20,20,1.54109589041096,10.6382978723404,8.83422182563338,9.6,1.08668314985533,0.68,0.92443917420967,0.34,1.0055611620325,0.51,2016-08-05,"Distinct set to NA","Yes",2
"234","SMCR8_469",2008-07-07,7,7,2008,"BMI_RWB",1,"SMC",568,20,20,16.3732394366197,20,8.25193630231674,9.95,1.20577760606399,0.86,0.805618303928915,0.14,1.00569795499645,0.51,2016-08-05,"Distinct set to NA","Yes",2
"235","SMC00520",2012-06-12,6,12,2012,"BMI_RWB",1,"SMC",558,20,20,1.61290322580645,10.4166666666667,7.85707054675529,7.75,0.986372714090049,0.47,1.03153377273971,0.57,1.00895324341488,0.52,2016-08-05,"Distinct set to NA","Yes",2
"236","SMC11727",2010-06-09,6,9,2010,"BMI_RWB_MCM",1,"SMC",583,20,20,4.80274442538594,12.1951219512195,7.91055531356015,9.65,1.21988907446967,0.88,0.802281186127024,0.13,1.01108513029835,0.53,2016-08-05,"Distinct set to NA","Yes",2
"237","907BCT",2014-05-14,5,14,2014,"BMI_RWB_MCM",1,"SMC",510,20,20,0.196078431372549,2,6.31936812972185,6.75,1.06814476723595,0.64,0.965271599823526,0.42,1.01670818352974,0.54,2016-08-05,"Distinct set to NA","Yes",2
"238","SMC00520",2009-05-19,5,19,2009,"BMI_RWB",1,"SMC",554,20,20,0.180505415162455,2.7027027027027,7.85707054675529,9.95,1.26637529099303,0.92,0.770751349976706,0.1,1.01856332048487,0.55,2016-08-05,"Distinct set to NA","Yes",2
"239","SMC01097",2016-05-06,5,6,2016,"BMI_RWB",1,NA,536,20,20,0,0,6.93588818175075,7.95,1.14621225020863,0.78,0.891671413692999,0.27,1.01894183195082,0.55,2018-01-10,"Distinct set to NA","Yes",2
"240","802SJN851",2014-05-21,5,21,2014,"BMI_RWB",1,"SMC",579,20,20,2.76338514680484,8.47457627118644,6.78374559923344,8.15,1.20140118475565,0.86,0.841768203585144,0.19,1.0215846941704,0.55,2016-08-05,"Distinct set to NA","Yes",2
"241","SMC00105",2009-05-12,5,12,2009,"BMI_RWB",1,"SMC",570,20,20,0,0,7.56279479698451,8.45,1.11731181750022,0.73,0.926457957507886,0.34,1.02188488750405,0.55,2016-08-05,"Distinct set to NA","Yes",2
"242","905PS0026",2017-05-04,5,4,2017,"BMI_RWB",1,NA,567,20,20,1.05820105820106,5.66037735849057,6.22935966716344,7.7,1.23608210336428,0.89,0.810178560675917,0.14,1.0231303320201,0.56,2018-11-29,NA,"Yes",2
"243","SMCR8_057",2008-05-18,5,18,2008,"BMI_RWB",1,"SMC",561,20,20,2.49554367201426,13.953488372093,15.0944294386825,16.15,1.06993113357517,0.64,0.980245793052696,0.46,1.02508846331393,0.56,2016-08-05,"Distinct set to NA","Yes",2
"244","SGUT503",2013-07-08,7,8,2013,"BMI_RWB",1,"SMC",592,20,20,1.35135135135135,2.08333333333333,7.59613672609124,9.35,1.23088885010252,0.89,0.822688601389759,0.16,1.02678872574614,0.57,2016-08-05,"Distinct set to NA","Yes",2
"245","402SNPMCR",2014-06-18,6,18,2014,"BMI_RWB",1,"SMC",591,20,20,1.01522842639594,3.33333333333333,12.8422446231546,16.75,1.30428912479986,0.95,0.756044823139666,0.09,1.03016697396976,0.57,2016-08-05,"Distinct set to NA","Yes",2
"246","412WE0552",2015-08-26,8,26,2015,"BMI_RWB",1,"SMC",575,20,20,2.08695652173913,11.9402985074627,9.91129355312702,11.6,1.1703820432541,0.81,0.900499343695259,0.29,1.03544069347468,0.59,2016-08-05,"Distinct set to NA","Yes",2
"247","412M08610",2016-07-14,7,14,2016,"BMI_RWB",1,NA,574,20,20,0.174216027874564,2,6.61419241216688,7.9,1.19440129765017,0.85,0.878545130997911,0.25,1.03647321432404,0.59,2018-01-10,"Distinct set to NA","Yes",2
"248","404M04599",2016-08-03,8,3,2016,"BMI_RWB",1,NA,594,20,20,6.56565656565657,5.35714285714286,7.7061270620729,8.25,1.07057668963232,0.64,1.00393195885269,0.51,1.0372543242425,0.59,2018-01-10,"Distinct set to NA","Yes",2
"249","SGUT503",2015-07-08,7,8,2015,"BMI_RWB",1,"SMC",576,20,20,0.347222222222222,3.44827586206897,7.59613672609124,7.6,1.00050858404055,0.5,1.07753331785779,0.67,1.03902095094917,0.6,2016-08-05,"Distinct set to NA","Yes",2
"250","SMC00827",2009-06-15,6,15,2009,"BMI_RWB",1,"SMC",584,20,20,1.02739726027397,5.12820512820513,7.8481152686266,9.85,1.25507840581497,0.91,0.824218909089586,0.16,1.03964865745228,0.6,2016-08-05,"Distinct set to NA","Yes",2
"251","SMC00271",2009-06-04,6,4,2009,"BMI_RWB",1,"SMC",551,20,20,0.907441016333938,6.52173913043478,8.98593527512346,9.4,1.04607920179693,0.6,1.03513230789691,0.58,1.04060575484692,0.6,2016-08-05,"Distinct set to NA","Yes",2
"252","SMC00924",2016-06-08,6,8,2016,"BMI_RWB",1,NA,591,20,20,1.1844331641286,6.25,10.5130410082878,11.75,1.11765948508496,0.73,0.964817705459701,0.42,1.04123859527233,0.6,2018-01-10,"Distinct set to NA","Yes",2
"253","SGUR010",2011-06-27,6,27,2011,"BMI_RWB",1,"SMC",589,20,20,0.169779286926995,3.33333333333333,6.24787372686137,7,1.12038115781774,0.74,0.972911586544397,0.44,1.04664637218107,0.61,2016-08-05,"Distinct set to NA","Yes",2
"254","911LAP",2014-04-09,4,9,2014,"BMI_RWB_MCM",1,"SMC",514,20,20,0.194552529182879,2.85714285714286,7.04900937467297,8,1.13491124423014,0.76,0.958928086107443,0.41,1.04691966516879,0.62,2016-08-05,"Distinct set to NA","Yes",2
"255","SGUT502",2012-06-18,6,18,2012,"BMI_RWB",1,"SMC",562,20,20,0.355871886120996,1.81818181818182,8.78026274783353,9.55,1.08766676741609,0.68,1.00888112195957,0.52,1.04827394468783,0.62,2016-08-05,"Distinct set to NA","Yes",2
"256","SMC07128",2014-06-03,6,3,2014,"BMI_RWB",1,"SMC",556,20,20,0.179856115107914,2.38095238095238,7.72307984097365,8.6,1.11354539601856,0.72,0.991760551715317,0.48,1.05265297386694,0.63,2016-09-07,"Distinct set to NA","Yes",2
"257","412WE0896",2001-06-19,6,19,2001,"BMI_RWB",1,"SWAMP",521,20,20,0,0,7.77110537716757,6.6,0.84930002614449,0.21,1.2686821774695,0.93,1.05899110180699,0.64,2016-08-05,"Distinct set to NA","Yes",2
"258","SMC00911",2009-06-04,6,4,2009,"BMI_RWB",1,"SMC",514,20,20,1.55642023346304,3.44827586206897,7.6583842263129,9.65,1.26005691472677,0.91,0.861260346336469,0.22,1.06065863053162,0.65,2016-08-05,"Distinct set to NA","Yes",2
"259","SMC03401",2013-07-08,7,8,2013,"BMI_RWB_MCM",1,"SMC",585,20,20,0,0,7.60693330196358,9.25,1.21599593854889,0.87,0.916011843102254,0.32,1.06600389082557,0.66,2016-08-05,"Distinct set to NA","Yes",2
"260","SMC19945",2013-06-25,6,25,2013,"BMI_RWB_MCM",1,"SMC",562,20,20,1.06761565836299,8.19672131147541,11.8991589335664,13.3,1.11772605729989,0.73,1.03260483627313,0.57,1.07516544678651,0.68,2016-08-05,"Distinct set to NA","Yes",2
"261","902ARO100",2014-04-21,4,21,2014,"BMI_RWB",1,"SMC",571,20,20,11.5586690017513,13.75,6.20843549174708,7,1.12749822548775,0.75,1.02287117267526,0.55,1.0751846990815,0.68,2016-08-05,"Distinct set to NA","Yes",2
"262","903FRC",2014-04-08,4,8,2014,"BMI_RWB_MCM",1,"SMC",563,20,20,0.532859680284192,4.34782608695652,7.49282259887934,6.95,0.927554323925869,0.35,1.23092176737407,0.9,1.07923804564997,0.69,2016-08-05,"Distinct set to NA","Yes",2
"263","802SJN851",2014-04-10,4,10,2014,"BMI_RWB",1,"SMC",567,20,20,1.7636684303351,4.47761194029851,6.78374559923344,6.95,1.02450775877936,0.55,1.13578057429493,0.78,1.08014416653714,0.69,2016-08-05,"Distinct set to NA","Yes",2
"264","902M18864",2015-05-06,5,6,2015,"BMI_RWB",1,"SMC",512,20,20,1.3671875,8.33333333333333,6.89609886200731,7.8,1.13107427200218,0.75,1.06097162632255,0.63,1.09602294916237,0.73,2016-08-05,"Distinct set to NA","Yes",2
"265","SGUR103",2011-08-03,8,3,2011,"BMI_RWB",1,"SMC",594,20,20,0,0,8.94928106184362,9.25,1.03360258059595,0.57,1.19243236455364,0.86,1.11301747257479,0.76,2016-08-05,"Distinct set to NA","Yes",2
"266","905BCC",2014-04-11,4,11,2014,"BMI_RWB_MCM",1,"SMC",507,20,20,0.591715976331361,4.44444444444444,4.98752414724165,5.95,1.19297668028147,0.84,1.04118357634955,0.59,1.11708012831551,0.77,2016-08-05,"Distinct set to NA","Yes",2
"267","SMC00924",2014-06-25,6,25,2014,"BMI_RWB",1,"SMC",585,20,20,2.39316239316239,9.52380952380952,10.5130410082878,13,1.23655943030677,0.89,1.02409070034747,0.55,1.13032506532712,0.79,2016-08-05,"Distinct set to NA","Yes",2
"268","SMCR8_448",2010-06-22,6,22,2010,"BMI_RWB",1,"SMC",592,20,20,5.23648648648649,14.6666666666667,8.61863119229002,9.3,1.07905765921618,0.66,1.19262389703737,0.86,1.13584077812677,0.8,2016-08-05,"Distinct set to NA","Yes",2
"269","SGUT503",2016-07-11,7,11,2016,"BMI_RWB",1,NA,584,20,20,6.67808219178082,5.45454545454545,7.59613672609124,8.65,1.13873674367774,0.77,1.13496072026565,0.77,1.13684873197169,0.8,2018-01-10,"Distinct set to NA","Yes",2
"270","SMC00480",2009-05-13,5,13,2009,"BMI_RWB",1,"SMC",555,20,20,0.540540540540541,5.17241379310345,7.29237076174299,7.8,1.06961100235333,0.64,1.22628258849785,0.9,1.14794679542559,0.82,2016-08-05,"Distinct set to NA","Yes",2
"271","SMCR8_277",2010-05-27,5,27,2010,"BMI_RWB",1,"SMC",592,20,20,1.85810810810811,14,6.41716788923468,7,1.09082388381066,0.68,1.21606966025926,0.89,1.15344677203496,0.83,2016-08-05,"Distinct set to NA","Yes",2
"272","SMCR8_240",2010-06-23,6,23,2010,"BMI_RWB",1,"SMC",511,20,20,14.0900195694716,24.0740740740741,6.5416165565313,7,1.07007189117666,0.64,1.25063849100873,0.92,1.1603551910927,0.84,2016-08-05,"Distinct set to NA","Yes",2
"273","SGUR103",2014-05-15,5,15,2014,"BMI_RWB",1,"SMC",574,20,20,13.9372822299652,10,8.94928106184362,12,1.34088983428663,0.96,0.981489813104072,0.46,1.16118982369535,0.84,2016-08-05,"Distinct set to NA","Yes",2
"274","SMC00476",2009-06-08,6,8,2009,"BMI_RWB",1,"SMC",570,20,20,1.40350877192982,6,7.05068723571983,9,1.27647131394578,0.93,1.1635786812225,0.82,1.22002499758414,0.92,2016-08-05,"Distinct set to NA","Yes",2
"275","SGUR103",2013-07-10,7,10,2013,"BMI_RWB",1,"SMC",596,20,20,14.261744966443,6.66666666666667,8.94928106184362,11.55,1.29060646550089,0.94,1.20036503864581,0.87,1.24548575207335,0.94,2016-08-05,"Distinct set to NA","Yes",2
